Claim_Number,Claims_Notes
CLM-916,"Injury at Scene

The plaintiff reported neck pain at the accident scene but refused immediate medical treatment and continued working the same day. There was no ambulance present. Medical treatment was significantly delayed, with the first hospital visit occurring almost two months after the accident.

Photographs

Photographs of the vehicle are available and show substantial damage, including deployment of side curtain airbags. The damage appears significant and supports a strong impact, although liability details (like stop sign compliance) remain disputed.

Mechanism of Injury

There is no strong medical or biomechanical testimony clearly supporting the injury mechanism. The defense has arguments due to delayed treatment and inconsistent medical history, including a fall after the accident that may have contributed to injuries.

Venue

The case is venued in Union County, which is considered plaintiff-friendly, potentially increasing settlement value.

Medical Treatment Issues

There is a major gap in treatment, as the plaintiff sought care nearly two months after the accident. Treatment includes chiropractic care, injections, and ongoing complaints, but inconsistencies exist in medical records (including mention of a separate fall).

Pre-existing Conditions

The plaintiff had prior neck and back issues and previous claims, including a workers' compensation claim. These conditions may weaken causation and reduce damages, although the plaintiff may still be considered vulnerable (egg-shell plaintiff argument).

Plaintiff’s Attorney / Law Firm

The plaintiff’s counsel is experienced but appears difficult to negotiate with and has a high-value expectation for the case. The client is also described as difficult, which has impacted settlement discussions.

Police Report

The police report is available and indicates that the insured likely pulled out from a stop sign into the plaintiff’s path, supporting liability against the insured.

Body Part Injury

The plaintiff claims injuries to the neck, back, knee, and other areas. Medical findings include cervical bulges, lumbar herniation, and injections. However, injury severity is questionable due to delayed treatment and inconsistent records.

Driver

The insured driver is covered but may have communication limitations (language barrier). The driver is available indirectly through family (daughter), who is assisting with communication and coordination.

Vehicle

The insured vehicle is covered under a standard policy. The accident involved two vehicles, with significant damage to the plaintiff’s car.

State

There is no strong indication that the loss state differs from the jurisdiction state; both appear consistent (New Jersey).

ISO

ISO records show prior claims for the plaintiff, including unrelated injuries. This may impact credibility and damages evaluation.

Statute of Limitations

The lawsuit was filed within the applicable statute of limitations, so there are no issues on timeliness.

Overall Case Insight (Important)

Liability is likely against the insured (close to 100%), but damages are questionable due to:

Delay in treatment
Prior injuries and claims
Inconsistent wage loss claims
Alternative cause of injury (post-accident fall)

Arbitration awarded ~$65K, and expected settlement range is roughly $50K–$75K, though plaintiff is demanding significantly higher."
CLM-707,"Injury at Scene

The plaintiff reported injury after the accident and received initial treatment, but the timeline is somewhat mixed. Medical attention was taken shortly after the accident, but consistent treatment did not continue, and there are gaps. No clear indication of ambulance involvement is noted.

Photographs

There is no strong mention of vehicle photographs in the notes, but surveillance video later shows the plaintiff performing physically demanding activities (like shoveling dirt), which contradicts claimed injury severity.

Mechanism of Injury

Medical evidence shows lumbar disc issues (especially at L4-L5) and injections, with a possible future surgery recommendation. However, the defense disputes the severity due to prior MRI findings, gaps in treatment, and alternative explanations. Surveillance evidence further weakens the injury claims.

Venue

The case is in Louisiana (Rapides Parish), which is considered a relatively liberal venue and may favor the plaintiff, increasing potential settlement value.

Medical Treatment Issues

There are significant inconsistencies:

Gaps in treatment (including no treatment after April 2020)
Limited chiropractic visits with breaks in between
Surgery is only a future possibility, not a firm recommendation
Some treatment may relate to other incidents

These factors raise a failure to mitigate damages argument.

Pre-existing Conditions

The plaintiff had prior accidents and medical issues, including earlier MRIs showing similar back problems. This weakens causation and suggests injuries may not be solely due to the current accident.

Plaintiff’s Attorney / Law Firm

The plaintiff’s counsel is actively pushing for a high settlement (initial demands around $115K–$150K), focusing heavily on future earning capacity and potential surgery. They are using aggressive negotiation tactics but may be open to settlement due to the plaintiff’s financial situation.

Police Report

Liability appears unfavorable for the insured, who turned into oncoming traffic. There is limited support for comparative negligence against the plaintiff.

Body Part Injury

The plaintiff claims:

Lumbar spine injuries (herniation at L4-L5)
Back and leg pain
Past cervical complaints (mostly resolved)

Treatment includes injections and chiropractic care. However, severity is questionable due to surveillance evidence and inconsistent treatment.

Driver

The insured driver is covered and admitted to turning into the plaintiff’s path. No major issues regarding driver availability are noted.

Vehicle

The accident involved standard vehicles, with liability arising from a left turn into oncoming traffic. No rental or special vehicle complications are highlighted.

State

The accident and jurisdiction are consistent (Louisiana), so no jurisdictional conflict exists.

ISO

ISO records show multiple prior accidents and claims for the plaintiff, including earlier motor vehicle accidents and unrelated injuries. This affects credibility and damages evaluation.

Statute of Limitations

The lawsuit was filed within the statute of limitations, so there are no timing issues.

Overall Case Insight (Important)
Liability: Likely against insured
Damages: Highly disputed

Key defense strengths:

Surveillance showing physical activity (strong credibility issue)
Gaps in treatment and failure to follow medical advice
Prior injuries and similar MRI findings
Weak proof of wage loss and future earning capacity

Key plaintiff arguments:

Young age with physical labor job
Possible future surgery
Loss of earning capacity

Settlement Range Insight:

Internal evaluation ranges roughly $50K–$100K
Plaintiff demand around $100K–$150K
Surveillance significantly strengthens defense position"
CLM-130,"Injury at Scene

The plaintiff reported neck and lower back pain at the scene and went to the ER the same day. There is no indication of ambulance involvement. Treatment started immediately but mainly involved soft tissue complaints.

Photographs

Vehicle photographs show minimal damage (around $1,100), indicating a low-impact collision. This supports the defense argument that the accident severity was too low to cause serious injuries.

Mechanism of Injury

The mechanism of injury is highly disputed. A biomechanical expert report concluded the impact was “trivial” and forces were lower than normal daily activities like running or jumping. The expert also stated that the claimed lumbar injury is not consistent with such a low-impact accident and may instead be due to pre-existing or degenerative conditions.

Venue

The case is in Williamson County, which is generally a moderate venue. However, the DUI factor could influence jury perception negatively against the defendant.

Medical Treatment Issues

There are multiple concerns:

Treatment mostly for soft tissue injuries
Gaps and inconsistencies in care
Heavy reliance on subjective pain complaints
Doctor unable to confirm causation of injuries
Future treatments (like injections/ablations) appear speculative

Overall, treatment does not strongly support severe injury claims.

Pre-existing Conditions

There is clear evidence of prior back issues and chiropractic treatment, despite the plaintiff initially denying any history. MRI findings show degenerative changes, which weaken causation and support the defense argument that injuries are not accident-related.

Plaintiff’s Attorney / Law Firm

The plaintiff’s attorney is pursuing an aggressive strategy with a high demand (~$245K–$250K). They appear to be inflating compensatory damages, possibly leveraging the DUI element to increase settlement value.

Police Report

The tortfeasor rear-ended the plaintiff and fled the scene, later pleading guilty to DUI. This creates strong liability against the defendant, but punitive damages are not covered under the policy.

Body Part Injury

The plaintiff claims:

Cervical and lumbar spine injuries
Back and leg pain
Ongoing need for pain management procedures

However, medical findings mainly show mild degenerative changes and soft tissue injuries, not severe trauma.

Driver

The at-fault driver was intoxicated (DUI) and fled the scene, which negatively impacts liability. However, insurance coverage limits are relatively low and already tendered.

Vehicle

The accident involved a rear-end collision with very minor property damage, which contradicts the severity of injuries being claimed.

State

The accident and jurisdiction are both in Tennessee, so there are no jurisdictional conflicts.

ISO

ISO records show a prior 2016 claim involving similar neck/back injuries, which affects credibility and supports the pre-existing condition argument.

Statute of Limitations

The lawsuit was filed within the statute of limitations, so there are no timing issues.

Overall Case Insight (Important)
Liability: Strong against defendant due to DUI
Damages: Weak and highly disputed

Key defense strengths:

Low-impact collision (minimal vehicle damage)
Strong biomechanical expert opinion
Pre-existing conditions and prior claims
Inconsistent plaintiff statements (denied prior treatment initially)
Medical expert unable to confirm causation

Key plaintiff arguments:

DUI creates negative perception
Ongoing pain and future treatment claims
Loss of lifestyle (reduced physical activity as trainer)

Settlement Insight:

Internal valuation: ~$10K or less
Plaintiff demand: ~$245K–$250K
Mediation already failed due to large gap"
CLM-923,"Injury at Scene

The insured (72-year-old male) sustained injuries at the scene, including pain in the left leg, knee, shoulder, and back. He was transported by ambulance to the hospital and underwent diagnostic tests. Initial findings included swelling and a small tear in the left calf. Treatment continued with physical therapy and chiropractic care.

Photographs

Photographs show significant damage to the insured vehicle, particularly on the front driver’s side. The damage supports a high-impact collision and is consistent with the reported head-on/side impact.

Mechanism of Injury

The mechanism of injury is supported by the accident details. The opposing driver crossed the center line and struck the insured’s vehicle. Evidence (including witness statements and police findings) indicates the other driver fell asleep and was possibly under the influence (morphine), making the impact severe and consistent with the injuries claimed.

Venue

The accident occurred in Detroit, which may be moderately plaintiff-friendly depending on jury perception, especially given the drug involvement of the other driver.

Medical Treatment Issues

Treatment includes:

ER visit immediately after the accident
Diagnostic tests and follow-ups
Physical therapy and chiropractic care

There are no major gaps noted so far, but prior medical history needs to be reviewed to fully assess causation.

Pre-existing Conditions

The insured had prior medical issues, including:

Previous back injury
Prior chiropractic treatment
Knee and shoulder issues

These pre-existing conditions may impact the extent of damages and causation analysis.

Plaintiff’s Attorney / Law Firm

The insured is represented by an attorney, and a UM/UIM claim is being pursued. The attorney has confirmed that the other vehicle is uninsured, strengthening the UM claim under the policy.

Police Report

The police report (and FOIA findings) indicate:

The opposing driver crossed into the wrong lane
The driver may have been under the influence (morphine found in vehicle)
The driver admitted falling asleep

This strongly supports 100% liability on the opposing driver.

Body Part Injury

The insured claims injuries to:

Left leg, knee, and thigh (significant swelling)
Left shoulder and arm
Back and hands

Treatment includes ER care, diagnostic imaging, and ongoing therapy. Severity appears moderate to significant.

Driver

The opposing driver is uninsured and admitted to falling asleep while driving. There are also indications of drug involvement. The insured driver is covered under the policy and qualifies for UM/UIM coverage.

Vehicle

The insured vehicle (Chevrolet Traverse) sustained heavy front-end damage. The opposing vehicle (Jeep Compass) was also heavily damaged and reportedly abandoned earlier, with unclear insurance status (effectively uninsured).

State

The accident and policy fall under Michigan law, and UM/UIM coverage applies within the policy period.

ISO

ISO search shows prior claims for the insured, including older injury-related claims. These may affect credibility and damage evaluation but are relatively dated.

Statute of Limitations

The claim falls within the policy period and statutory limits, so there are no timing issues.

Overall Case Insight (Important)
Liability: Strongly against the opposing driver (100%)
Coverage: UM/UIM claim valid due to uninsured driver
Damages: Moderate, but impacted by pre-existing conditions

Key strengths:

Clear liability (driver asleep, possible drug use)
Strong accident severity (significant vehicle damage)
Immediate medical treatment

Key concerns:

Pre-existing injuries (back, knee, shoulder)
Need to confirm extent of new vs old injuries
Coverage complexity (multiple policies, marital/separation status)

Settlement Insight:

UM/UIM limits: $100K per person / $300K per occurrence
Likely exposure depends on medical causation and prior conditions"
CLM-531,"Injury at Scene

The plaintiff reported neck and back pain at the scene after being rear-ended while stopped at a red light. No ambulance transport is clearly mentioned, but symptoms began immediately. Later, the plaintiff also reported concussion-related symptoms.

Photographs

Vehicle photographs show moderate rear-end damage (~$4,800) to the plaintiff’s vehicle and damage to the insured’s truck (with plow). The damage supports a rear-end collision but not a high-impact crash.

Mechanism of Injury

The mechanism is a rear-end collision at a stop light, which typically results in soft tissue injuries. However, the plaintiff claims more severe injuries (concussion, injections, permanency). This creates a dispute, as the mechanism may not fully support the extent of injuries claimed.

Venue

The case is filed in Rockingham County, which is generally a neutral to slightly plaintiff-friendly venue.

Medical Treatment Issues
Treatment includes PT, orthopedic care, neurology, and injections
Concussion treatment and possible psychological therapy
Treatment extended beyond 1 year, indicating prolonged care
Some delays and gaps due to COVID and insurance issues

Overall, treatment is lengthy but may appear excessive relative to impact

Pre-existing Conditions

The plaintiff has significant prior medical history:

Cervical and lumbar degenerative disc disease (DDD)
Prior spinal surgery (L4-S1 fusion)
Knee replacement (2009)
Chronic neurological symptoms

These strongly impact causation and damages, suggesting aggravation rather than new injury.

Plaintiff’s Attorney / Law Firm

The plaintiff’s attorney is aggressive, maintaining a high demand (~$310K) despite defense offers (~$70K). They are pursuing claims of permanency, concussion, and ongoing treatment.

Police Report

The police report confirms:

The insured rear-ended the plaintiff
The insured fled the scene initially and later returned
The insured acted aggressively, leading to an arrest warrant

This creates very adverse liability and credibility issues for the defense

Body Part Injury

The plaintiff claims injuries to:

Neck and back (DDD aggravation)
Head (concussion, post-concussive syndrome)
Knee (contusion)
Possible radiculopathy (arms/legs)

Treatment includes PT, injections, and neurological care. A 10% permanency rating has been assigned.

Driver

The insured driver was operating a company plow truck and:

Rear-ended the plaintiff
Left the scene
Returned later and behaved aggressively

The driver’s conduct significantly weakens the defense position

Vehicle

The insured vehicle (Ram truck with plow) caused rear-end damage to the plaintiff’s vehicle. The impact was moderate, not severe, but enough to support soft tissue injury claims.

State

The accident occurred in New Hampshire, and the policy is a commercial auto policy with $1M liability limits.

ISO

ISO search shows prior claims and supports pre-existing conditions, which are important for limiting damages.

Statute of Limitations

The lawsuit has been filed within the statute of limitations, so there are no timing issues.

Overall Case Insight (Important)
Liability: Clearly against insured (rear-end + fled scene)
Damages: Disputed and likely inflated

Key defense strengths:

Moderate impact (not severe damage)
Strong pre-existing medical history
Questionable causation for concussion and extensive treatment

Key plaintiff strengths:

Very adverse liability (fled scene, aggressive behavior)
Long treatment duration and injections
Medical bills ~$47K and permanency rating

Settlement Insight:

Current offer: ~$70K
Plaintiff demand: ~$310K
Likely realistic range: mid-to-high five figures, possibly low six figures depending on jury risk"
